answer_text,star_present,hedge_word_freq,filler_word_count,answer_length,response_latency,code_correct,mistake_label
worked maybe kind of the solution system worked worked build team a solution the worked system project worked a build system worked the i think solution team team system project project system on project team build system system project system,1,4,1,40,2.4,1,underselling
the worked project worked project a project on the system solution build worked build on the build system project solution team a system on a the project system solution a project system build worked project project team worked project worked build build project build a system build solution the a system a system build build solution build build worked a team the project system build worked a the build project a the worked solution a worked system solution result on,1,1,0,80,4.5,1,good-answer
system on system solution system system project the solution team the project team build on solution solution the a on worked project build system solution project on build system build system project worked the on solution on system team solution,0,0,0,40,3.7,0,no-structure
a worked system a build project team a team on team build system on team team solution team team team solution team worked project team solution the solution the build on team the solution the team build system team a project build on project team a build on worked solution worked on worked worked team the system build action the solution build solution build worked worked a project team solution project team system system team build worked system system solution,1,1,0,80,3.8,1,good-answer
solution on team a worked maybe a project team the project solution build solution team maybe team worked on project kind of a the on on solution the project team situation build system system team sort of build the solution,1,4,2,40,2.8,1,underselling
on you know worked system we worked solution solution the worked a a solution on we the solution worked like and system system system on a solution team the solution build build the on project build solution solution worked the project project on system team the a and a project worked worked well team a system solution a solution project worked solution solution worked the team build project system team the project solution worked the a project team on build solution we on project build worked solution solution worked the system um then you know worked then solution the on build project um like system on you know on solution a build worked project project team team worked a like the team a worked project system the team the project team worked so worked on project build build team you know a project team system build the team solution um like project system build project build and the so project a the project the the worked solution then build so project worked project build on project team worked team team,0,2,6,180,6.7,0,rambling
on on worked project the team team build team on project the solution system system build system team solution the on team build project a solution worked solution system a the project project build the on build solution system project,0,1,2,40,2.6,0,no-structure
on system project project a the on system worked worked team build solution team on on the solution system worked on on worked worked build team system system team because,1,0,0,30,1.1,0,resume-gap
worked the i mean a the project project on uh the we worked build the um on team solution you know the team on the solution the a on so a on worked and and project project project the solution a project system team a project team a build team the the team um the solution project build team team a a team worked a build then like on you know worked system a solution system team project build the the team on team build on team so solution solution a you know team a project build system on like we the build build on project the project solution project team a a the team a on system build project build a solution worked team worked solution project worked worked system on the then project a project project a a build like team solution a we solution solution project a on a team build build project team then system system system uh system um build and on a like project build system build the on project on worked so a,0,2,6,180,7.0,0,rambling
worked worked on project worked system worked team build on on build a worked project worked team because on system a solution the the team a system system worked solution,1,0,1,30,2.9,0,resume-gap
system on on solution project build system the project project team a worked the solution build on project worked system a build project system team solution team solution build on the team team on build worked system the the project build the worked system build system project build system the build task project system solution build worked system a a on worked a solution on the build project system worked build team a system worked worked the on a on,1,0,1,80,4.8,1,good-answer
system on system the worked a team solution solution system project on system team build system system worked worked worked system on worked project on the system worked a the a project team worked project system on system build the the a build team worked on solution worked team because on solution a the solution a project build solution a solution on project system worked the system solution system a build team team system team team system a a build,1,0,1,80,4.5,1,good-answer
a system solution the maybe a on the solution worked a build system the on solution system system a team build sort of a perhaps system solution the on the the worked solution build project i think worked team worked,1,4,1,40,2.2,1,underselling
on system solution on worked system build system team worked a because solution on the solution solution system system the a build system on system worked a on team worked,1,0,2,30,2.6,0,resume-gap
a build system project system system on system solution worked a system the system build the build worked a a build on build build on team on team the project on worked team project the system solution solution solution system,0,1,2,40,2.9,0,no-structure
worked build team worked build system on team build the team the solution team team on a project project system system the team system on on build a solution the,1,0,2,30,2.8,0,resume-gap
team team ok project a,0,0,1,5,11.7,0,silent-coding
project a project build worked worked the team project project solution team build solution build team team the on on build the system system solution solution team worked the build system worked build on team on team the worked project,0,1,1,40,3.9,0,no-structure
the system project on on the solution team worked a the the build build the a project the build project worked a worked build on on the worked build a,1,1,1,30,1.1,0,resume-gap
build solution solution ok the,0,1,2,5,12.7,0,silent-coding
team like the build well a the project on build on project system um build we the solution build um a build the worked system a a a project the worked team solution a a solution a project build the build um team the team solution a like worked solution system a on so system like the a then then build team team system on team a project and a the project and the like system build build the worked we on on build project project system on worked system team on a worked worked build system on you know we worked on a the um solution build project team worked you know solution project worked build project team build solution on on worked a on team the system system like then build solution build solution and project so a system a a you know system project system system system project team the system team project project the like project solution worked system the on worked system on a worked on a system build the project system so on the,0,2,6,180,7.8,0,rambling
on worked worked the team worked worked on worked system project worked the project project on the on project build solution team on project team system system on on worked build the system on the solution project solution team build solution team team on on on we build on project build solution project project team team build team build worked project build the system on a worked build worked on the solution solution system system on the project the build,1,0,1,80,4.1,1,good-answer
solution worked a ok system,0,0,1,5,11.6,0,silent-coding
like on on worked a then a we and system project build um so solution on the system worked solution on on a build on worked worked worked a solution worked team solution basically project project and you know on worked solution a on project a you know build solution the solution build i mean system we we the build on build worked project build on build worked team team build project system system a team project a solution worked a project build system on worked on system a project build the on um on solution build like on the solution build system system a so a solution on worked system solution worked you know then project team worked project team solution system and team a build team worked worked so worked team project team a on project build on solution on um like a project build um team system on build team solution um um solution a on system build the system system build worked system team worked system a then the system team system system a worked system,0,1,6,180,6.1,0,rambling
solution build on on worked a team the team solution the team a system on the system team on project the the system team project because project team project perhaps solution i guess worked kind of perhaps team system solution,1,4,0,40,3.1,1,underselling
build team solution system solution project build worked solution team the a build project team the on on system the build build system the a team on a build solution system solution solution a system system a project worked build the project a worked the system team project solution on project team system on build on when i project system project build project worked the the worked a team on build solution a on a solution build a a solution,1,0,1,80,3.7,1,good-answer
the team a on project team team system a on worked system system solution team a solution the project worked system team system a a team build solution project on worked a on build solution team on on worked team,0,0,1,40,3.3,0,no-structure
system project ok a project,0,1,0,5,11.5,0,silent-coding
on team the like a solution on the a team team system project project on build the the solution system then system uh solution system team on team a project system worked a a system project a like team build on build the the team worked team team on a i mean worked a we the project the worked solution system team worked build solution system on a and build system and project solution team project on build build system worked a worked team um like build build project on the team on system um worked solution team team system so worked system system team you know we worked worked then project build on build then the build like solution on build we the team worked a the worked team worked the worked and on team team a team the the solution a the system you know worked system project a project solution so on solution on team system a team on a you know on system the system project so worked um solution worked on worked worked solution the,0,1,6,180,7.5,0,rambling
project solution team the team worked system worked solution the the build team system system team team the project worked team the project team task project project system the system,1,0,2,30,2.0,0,resume-gap
the on the a system system on worked on worked team on project a project the system a a a team system project system a a team situation team the team project team a system team worked solution solution on solution team system build project on system a project the the team on on the on team system worked the the team system project worked solution worked on on team system on team system solution build project build worked project,1,1,2,80,4.5,1,good-answer
a build project the worked build on the system system team the on solution team system project worked the worked solution solution system a the system worked worked a project system project build the team system a build on a,0,0,0,40,3.7,0,no-structure
the project project build build team the solution solution worked solution build a a worked worked a worked situation team on build on the build a worked the worked worked,1,1,0,30,2.8,0,resume-gap
a a project on you know project on a solution like system worked build solution the a project we worked um worked the team uh solution system worked project team team team i mean build on worked build build we solution system system um worked solution build on the worked so you know solution solution the a project system team the team worked build project a a build solution you know build build solution system the the the worked system project solution build project system system the project team then team worked on on worked on project worked project team a a team like team like solution the on project system and worked system project on team worked and the a system build then system solution a system build build a i mean team project uh you know uh on project system worked the on system a the we and a build the solution um on a project then project like project project team project build team a so team team system build solution so um system on the project,0,2,6,180,6.9,0,rambling
on project solution worked worked a a worked worked project a system sort of team action build solution system a system worked worked the probably solution worked solution project build solution i guess a build a solution a project the,1,4,1,40,3.6,1,underselling
a on worked solution build team solution team a system build system team build team solution worked a system system project worked project a system on worked project a the team worked project solution build project the project solution project build on build project the a team solution worked on solution system build system on team system system solution on solution the a a build a solution project solution a on project worked build on the solution build system worked,1,1,2,80,4.2,1,good-answer
because probably a kind of solution i think system solution worked the build project the team solution team team solution system on the team team solution solution on solution worked on solution probably team team sort of team team build,1,4,0,40,2.6,1,underselling
team a the system on the worked worked worked system a project team the build worked worked project project project solution solution system solution the solution the the task on,1,1,1,30,1.7,0,resume-gap
project solution the on a worked team a on project because the build team system the build team team on the solution on project a on build solution the build,1,1,0,30,1.1,0,resume-gap
on build system a system team on build team system build system the the build project worked worked build the the a system on on project worked a project solution a build build a build a worked project solution a team project system a worked project team solution on worked team a the the worked project team on system solution solution system on a team the project on the project team worked on worked on the a the when i,1,0,0,80,3.3,1,good-answer
solution solution solution a team worked team build project solution a system the project project a worked solution project build system project team team project team team team system worked team worked the build build a the the build the build team a a the on worked project build project on on project the project on project project the project team on worked a project on solution a on team worked worked solution solution solution project project team worked team,1,0,0,80,4.0,1,good-answer
solution the solution solution a build worked the project team on solution solution solution on build probably the team a solution project probably maybe team kind of build on system build a i guess team system system the worked a,1,4,0,40,2.0,1,underselling
solution a system project a the the worked solution solution worked the project team worked system the project worked on a the worked project build solution a build team build,1,0,0,30,1.8,0,resume-gap
the build solution ok build,0,1,2,5,12.4,0,silent-coding
team ok system worked system,0,0,1,5,11.8,0,silent-coding
project on the system ok,0,0,0,5,12.4,0,silent-coding
build team worked a a on a worked the system solution worked on solution build project team solution team team system a a team build on system worked team project system project team solution build worked team worked worked on,0,0,2,40,3.5,0,no-structure
build build build team system team worked solution worked worked solution worked a the on build solution a team solution worked project team solution the the the on project solution a project worked build a on worked solution on project,0,1,1,40,2.4,0,no-structure
worked on system system ok,0,1,1,5,12.0,0,silent-coding
the when i on the worked on on solution worked build team solution team build team team system system a a team a system solution build build a solution build team system team build build solution solution a system the team system a solution system solution a on build a worked build on build the build the system the solution team project worked a worked worked team system project a project build system on worked a solution team the on,1,0,0,80,3.3,1,good-answer
on worked the a um system project a a solution system the project the system team like system team build worked system solution project system on like worked build on system uh system solution and well on we team project the team build build project worked on system the solution worked on the a system the project on build on the solution team system solution you know the solution solution the on worked well on system a team team we you know on build solution team um um project project worked solution the build so team the the solution team a project build project team build project build build on solution well build a team a then a i mean we build system um worked project build solution a solution solution on system the build worked project and solution you know then build the so system then team i mean project worked a like a a project worked you know team a a so team and worked worked project the on the system system worked project a a a solution,0,0,6,180,6.4,0,rambling
build on solution the worked system worked the solution a solution a worked solution a on a solution system solution team on on solution situation solution project the build on,1,1,2,30,1.3,0,resume-gap
system like project then build a a solution worked uh project a team system solution a system the build worked solution a we um worked a solution a worked um we team solution build project team solution worked project project team so solution build project on build worked project solution worked then so on the system system team on a worked the solution um the build well worked build project build like on project worked the on system solution we solution solution build team team on on you know solution on you know build system system system project build system the a system build solution um team and a build team on on you know build you know build on the and project basically a worked the and solution team worked system build system solution worked solution on a team team team project build a build like project solution project then system build worked build worked solution worked project build a worked a worked solution team project the the system so build solution project solution like team the a team,0,1,6,180,6.6,0,rambling
build the solution system a solution build system project solution on the worked the on build project project build worked on project project a solution project project the a project team system a worked on on a system build build build system a solution a team project worked team the on solution team a team worked system project the worked build build solution task system system solution on a on build worked project project on system solution a a team,1,1,2,80,4.1,1,good-answer
team uh and team on system a um system so team then solution the build build build a the a team system then we team build on we build solution team worked the solution solution system project project on build on team build solution build team you know system solution on project project then on project solution i mean you know um basically like a solution solution project solution solution worked a team worked you know team build team the project worked a build system project the on so solution system project the and you know team solution the solution system build team worked the on worked a project we the a team system basically team a solution system solution team the a build a system team team team solution solution team on solution system like so worked project worked build a solution and a solution worked i mean a solution build team project project you know team the the team solution the a on on on worked like a solution um worked worked project solution on worked solution project,0,1,6,180,6.9,0,rambling
worked solution on worked project on worked on like build system on team solution a like build system a you know well like a team the project project build team team team build the team system system the we solution a the a the team build and and solution the build project solution team the worked and team the so project build build system the on worked the build the build um worked um build you know on project worked project solution solution project solution you know on team solution project project the the worked the project system team build build the so team project team a worked then team team system a then the team system team project like like project worked worked the build we project team we worked a worked worked project the build worked a worked project system project the a worked um build the a build system worked the team project solution team build um system team solution then on project worked so you know um a system team the project build system project on,0,1,6,180,6.7,0,rambling
ok system on build build,0,1,1,5,11.2,0,silent-coding
on project on a system a project on the solution solution solution solution team solution on solution project on build team solution build team project a solution worked a the worked build team team project worked team project system the build project solution the solution system on on system build project a solution the team solution build solution build worked the system worked worked a system system team project on team on on worked project on team the build a,1,1,1,80,4.8,1,good-answer
solution solution build a and worked team solution on team on a you know a build team team solution project project a uh project so build team you know um system project project solution build and then solution solution project team build build so a you know on project project build build worked then on the on on system project a worked we build project project the worked the on solution build team on solution solution build system a we on project system um on worked build team worked build we system system on on team project on project build project the the team worked solution solution team on a the the like the system the solution project a the solution solution system a on build uh a a solution on project team team and worked project system team project solution system on on project project system build like system project the system team build build um a solution worked the a build team a the team so build solution um then build solution build build project like the project,0,0,6,180,7.5,0,rambling
worked probably build i guess on on project worked team probably on build probably system on system because a team build the team build the the build on on worked project system team a project solution on solution system the,1,4,2,40,2.3,1,underselling
project build the build project project the system team system the worked build project team sort of maybe worked build a team build when i solution sort of solution team maybe build kind of project worked the the team worked,1,4,0,40,2.4,1,underselling
a solution project a a build team a solution you know system and a we solution the the worked basically worked solution on build on um project system project team on and you know project project the team build build team solution the worked we build team build build build build so then project um solution project a project the a team a team team team solution so build on then solution team the build worked we worked solution then worked a um project project build solution solution and project a a system on so you know um team worked solution build the project solution system on on solution team build team build the like system solution the worked build the worked team worked system worked a system like project the system team build the solution on project worked like solution on a project on team a well build on like you know on the solution solution solution worked a system a system the on worked build project build solution project worked the team a on system a a the,0,1,6,180,6.2,0,rambling
system on a worked on system on worked solution probably on solution worked perhaps worked project solution the team perhaps system because build on system team the build a on project project maybe team perhaps the the system a build,1,4,0,40,3.3,1,underselling
project team worked on system build a team solution worked on solution system the project a on system system a solution team system the solution the system team solution system team worked worked the solution project a build a solution,0,1,1,40,2.1,0,no-structure
worked build the solution a system a on system on solution sort of team a team solution solution project maybe team the worked build maybe worked the build team the build solution when i solution the on solution build project,1,4,0,40,2.8,1,underselling
on team solution solution ok,0,1,0,5,12.1,0,silent-coding
on project project worked worked sort of on the team system system project on system team the project sort of system project kind of solution solution project team the solution perhaps solution team a because on the a sort of,1,4,1,40,3.6,1,underselling
on on the solution build the a build build build when i a build build the on worked worked build solution a a team build build the solution the build system on on a team team on system build team worked the build system build on build team project team solution solution on the on project project solution the team project worked a project worked a worked build project worked the a solution worked a worked a system team system,1,1,2,80,4.6,1,good-answer
the build a worked the worked the project on system worked system solution project project a on solution project project project solution build the the on team solution build on the solution on build build worked a team system the,0,1,2,40,3.9,0,no-structure
a build worked build project solution team a solution on worked the solution we a you know project project build build the system then build worked um solution project project team team on a worked on project the project project project team a team team team solution build build a um solution worked project the on so the um the a system and team a on build team the project worked build a system team like a worked like system the a the team project a team build then solution the on team on and the the team worked team um solution team solution build a build worked team you know worked worked like the project the the project system and team the solution on build system solution build then system a system worked on so so on basically a team the on um on the i mean a on team system we build project team on build on project system a a solution the we build team worked i mean a solution you know solution on team build solution,0,0,6,180,8.0,0,rambling
system system ok project team,0,0,2,5,12.0,0,silent-coding
worked system solution team a on build worked a project on a system worked project project team the system system the system team on team solution worked team the the worked project team team solution system project build worked build,0,1,2,40,2.4,0,no-structure
solution project team team solution team build on team on build on action build build project project system a project team build on solution a team system system project team,1,0,2,30,2.1,0,resume-gap
worked ok build on on,0,1,1,5,12.7,0,silent-coding
worked system ok a a,0,1,0,5,12.4,0,silent-coding
solution maybe a system on the worked sort of solution worked the solution team system solution perhaps build build project worked the team system worked team build system project solution result build a the system system on build build solution,1,4,0,40,2.4,1,underselling
the the build worked on i guess on solution build system build situation solution on project the solution on a system i guess worked build solution solution project i think on solution project system on perhaps build build worked system,1,4,0,40,2.7,1,underselling
system the solution on solution worked on team solution build solution the a a on on solution a solution a build worked solution on project team the the solution solution the team solution system system on on the system system,0,1,2,40,2.7,0,no-structure
on team team on worked a build build system build solution solution on on system a build worked the worked system team solution worked system on system on worked project build a project project action a on project team project the system on team system project the team system on system team solution team the system project project build the solution build solution build the on build system the a the build team build system on a worked solution the,1,0,0,80,3.9,1,good-answer
on on on ok team,0,1,2,5,11.7,0,silent-coding
team system team on solution project build solution the worked build build on solution system action on team system on solution system solution the a system solution a the on,1,0,1,30,2.7,0,resume-gap
i think the a probably on system project a the worked maybe the a a solution worked solution solution team solution build team solution team worked result system team team team solution team the project project build build a on,1,4,0,40,2.4,1,underselling
the solution project maybe the i guess probably on worked project a worked because solution project on the the a a a a build team project system team build team project on system team solution on solution build build team,1,4,2,40,2.2,1,underselling
team system a build build the solution build a team on solution system team project project on worked project worked a the team project the team we worked build on,1,1,2,30,2.2,0,resume-gap
solution on build system team project worked you know and um team project the team so a solution we on build build and you know the system the on team solution team solution on solution solution worked worked solution worked project the uh system project build worked system system the like team system on solution the on on on the worked worked on on worked the worked team solution build well the team solution team the worked build the worked team the system system build a project project solution project system a build project solution build system build a worked like project solution system well a um like the on worked on a project the on on we project on system the worked the build the build build a worked a system a worked on system and um we a team build worked worked so the system then worked then system project build well worked team build a on so system you know the system a system project system build a the on then project worked project team um system,0,2,6,180,6.6,0,rambling
project a a solution the system on solution team project result worked worked build build system solution solution the worked project project worked project the a a team a team,1,0,1,30,1.9,0,resume-gap
team team a system the project the action a project project build build system project worked team a build project project team worked team build the solution solution system the,1,0,2,30,3.0,0,resume-gap
the build on system team solution a a i think worked i guess on system solution perhaps a worked build team project a build the system team on project system worked kind of team solution team worked system project perhaps,1,4,0,40,3.7,1,underselling
a on worked build worked project project team project team team worked worked on system system the on build build build solution project a the a system the build a team worked solution project solution project solution system worked project,0,0,2,40,3.1,0,no-structure
the project build a ok,0,0,1,5,11.9,0,silent-coding
on worked team solution worked project build team solution on the project on probably i think the a perhaps team build build i guess a build on project worked a a on system project because on build system team system,1,4,1,40,3.5,1,underselling
team on project system well team build the then the so build worked team team the project build build solution the project worked a um worked worked team we system team worked system the worked on um solution system project on build you know the the team system so solution team solution team solution team you know solution a build the project like team build the worked we system project we team the and on on system worked build solution team project project team the system system like build worked project a a i mean solution a a build solution solution team team on solution project solution a build a solution you know a on worked on on a worked on a team system system build worked like worked a then project system um so the a solution and um build a project the team team on on build a on build team a project build team project a on on a a team system project project and system build build build solution system team the then system system team,0,1,6,180,7.3,0,rambling
solution project on the on team on build a worked project on the the i guess system the maybe on project when i project worked solution project team project a team build worked the the probably system worked worked worked,1,4,0,40,3.8,1,underselling
on system system system i think on the worked i think project i guess worked the a system the project kind of solution the solution build project solution build worked the project system build solution build on worked worked build,1,4,1,40,2.6,1,underselling
the team the solution build worked on on system solution build worked system system the team the system project team the on team project project on worked worked team a project project build a the project project a solution team,0,0,2,40,2.1,0,no-structure
the ok build on solution,0,1,1,5,12.3,0,silent-coding
the the solution the solution a team on the team build the solution build build on system worked a a worked team the build a action a worked build solution worked system worked project build solution project worked project a system system on project the build a team team project solution on project worked team project the a solution on on build build a project on worked project build project a on on system worked worked system on team solution,1,0,1,80,4.0,1,good-answer
worked worked i guess system system worked the on project system build the build system solution worked a worked project i guess worked probably on on system build the i guess build i guess when i build the project worked,1,4,2,40,3.2,1,underselling
project the the system solution a the a on worked a build solution solution team on team build a the the on result project solution solution worked the a solution,1,1,2,30,2.5,0,resume-gap
solution a ok system solution,0,0,0,5,11.2,0,silent-coding
on worked a ok worked,0,1,1,5,12.8,0,silent-coding
on solution project project solution build solution team worked a solution a project project the solution build on the build on team build project worked solution solution on the the team build project system worked the a project system the,0,1,0,40,2.8,0,no-structure
team project a team build project a on a solution on the worked project project solution system team the the when i build build a solution project the project the,1,1,0,30,2.7,0,resume-gap
worked solution team a team build team worked system on build project the a system build project team a project solution solution worked a on project build team project solution team a team project project project system project a build a build on system team on build build project worked the project build project system system the a build the a team system the on team solution project worked build build system build the on system worked a worked a,1,0,1,80,3.7,1,good-answer
project a team ok a,0,1,1,5,12.2,0,silent-coding
a project the worked worked project on solution team the solution and team build like system on solution team system the system solution the the so um the worked team we solution project a a a build a build system team the like system a project a solution on so then project solution on worked the system worked worked worked you know a we the a build solution the system project worked solution solution build system solution the system worked worked on a project on worked you know build the on team build worked so project a team project system system solution build team worked on system team system team project project a build worked system worked a the team a a then team the you know um team solution build a on project worked a and the on build then project like you know worked worked the um on solution a on project project basically on a we solution a on the project on the and build a solution solution like on solution project build team a worked team,0,2,6,180,7.2,0,rambling
worked worked team on system project on solution a the worked build a worked so on project build so build a and project solution team solution on build team on you know on system solution worked build team worked a on a solution solution the the team team team like build project on build team we on so on build worked system you know a project build worked well a a the team build build team build the on you know worked solution a you know project team a system build project a the worked build and project build build i mean um worked system um worked a like the project worked on on system build we worked on solution on a solution worked a system project project a team worked a um solution solution basically a system um system the solution a system on the a the system on worked we a on on then solution team team system build and project um like solution system team on team solution on then team a uh a build then solution,0,0,6,180,7.4,0,rambling
project a worked worked the the project project team a worked a a solution a worked project on build build solution a worked system worked project worked project on project build build a build on team system solution system project,0,1,2,40,3.0,0,no-structure
system a build worked a team team team build worked worked worked solution solution system worked team a the worked a worked on project team a a team worked the,1,0,2,30,1.2,0,resume-gap
build perhaps team worked team system the solution project system the the system build sort of project solution a worked the the the project a system the sort of on build worked project project the team build on system solution,1,4,0,40,2.0,1,underselling
on so well team a system the on the team the on build project project we we a project build build worked build worked on build worked solution worked worked project so a project build system a um build project project the build worked on build project build project solution team worked on project the project system project worked team build project you know a build on on worked solution team like like a like project build you know a project team worked project worked build the project team project then system project solution on worked the solution um then team like system solution on project solution solution the worked on worked team the like team and build a solution project system on solution a system worked project team team system system system team project build project build build a um project the solution worked a worked the a we so project project worked system the project solution team system system on on the then you know team a project team team solution solution build and solution you know and,0,1,6,180,6.5,0,rambling
a solution worked a a on a team worked worked a on project solution on worked build the a solution the on a on the system system team on project build solution project project team system result worked a build worked project team system system the on system build project the build system team project on team a team build build team a team team a build solution on worked worked a project worked team system the worked team system,1,0,2,80,4.9,1,good-answer
worked the maybe a system project team team solution system on the team worked build on team a project a i think worked on the worked solution on on worked team task team on a maybe team solution the build,1,4,2,40,3.1,1,underselling
system system solution the worked the solution a project on project solution solution project solution solution solution solution solution project the project the worked project a solution on worked worked worked project solution on on on solution team team team team system build build the a the system system team worked on a a build the project system project build project build a project a a team when i on the on a solution solution worked build the worked worked,1,1,1,80,3.7,1,good-answer
build team the system on the team project system on the team project i think project worked system sort of system i think system a probably the team perhaps a team the team build team solution on build team system,1,4,0,40,2.9,1,underselling
result on solution project on a project solution the a system system worked the on team solution the worked worked build system worked project solution team worked team system the,1,0,0,30,2.5,0,resume-gap
project team system build project a team team we the so like build build system so worked system build system worked on then build the build solution solution a a worked build team system project project the on team build system team solution the project project system on on system project on system team worked team um the a system a solution basically team on the team team solution the worked solution solution the on team the build system system team solution the a on build system on the worked on a you know like system worked like team on solution project project team so and we um on on build solution worked then solution build system build build the you know solution well solution worked then system team the solution um solution worked team team team system the on build project build um a build a a team the and worked team build on team team system on project team a project on and we worked solution worked the um project solution solution build team worked you know worked,0,1,6,180,6.3,0,rambling
project team system the project system project system the build solution project on on team a build the project solution a project worked the system build project project the build solution the system system the the solution build worked the,0,1,1,40,2.1,0,no-structure
a team solution worked solution solution build system worked solution a we system a system the build a team a system project like worked like build the a um um on the solution worked so solution a build the team project a project we a worked solution a build team solution team a you know i mean worked team a system and solution solution system build build a on solution like a build system worked worked system team project build worked worked build then system the team on team on project project solution solution on on build on the solution team and on project build the system build project um on the build team on worked on project system worked build so the project solution worked the solution worked on project a build project system build solution project on team project worked you know a on worked system worked on so then like the project on system team worked we on solution and system worked system you know worked project a build solution then um basically team a the a,0,2,6,180,7.4,0,rambling
the ok project the solution,0,0,0,5,11.5,0,silent-coding
team solution build um the system solution system project team a a build on project team on build system worked a system the worked worked um a team the we build worked the we the project the like project solution on a worked on a i mean team then build on the a then worked build a build on team project on project system on build system a worked build um the on on solution the system on basically system so team the you know so system a project system solution system on the a and worked like solution worked build system solution um system team team the on worked project worked a on solution a on a you know we on a solution the then system you know and the system build the the team so a team project solution system system project a project solution build on the team solution the on build the the solution on a a the worked system and on on build like worked system worked the a project project on worked project project,0,2,6,180,6.9,0,rambling
team system solution on a worked build system solution perhaps system perhaps system build the the the project on team team a system on on worked system build probably on a solution the the system project a project on system,1,4,1,40,3.5,1,underselling
on when i a system team team solution build solution on build worked a project system the the system a the a system a solution system build team on solution a solution worked on project worked team on build a system solution the system solution team build build worked team on a solution the worked system solution worked on system project system project on system a the project on a a team worked a system project the team build team,1,1,1,80,4.2,1,good-answer
project system system on solution team system project worked the system worked solution build team solution team the build team build on a system project team system project project solution team the the a solution system solution on system worked,0,0,1,40,2.6,0,no-structure
build project build a team worked system project project the action kind of worked solution project a sort of worked worked build build a sort of on on the build system on build on system the maybe build system the,1,4,2,40,3.1,1,underselling
worked on solution team the project worked solution system the solution build a the team system the system a team on a a project solution worked on worked build solution system team system the project on system the project the,0,1,2,40,3.5,0,no-structure
team a solution action build a worked team build system project build build project project the solution a worked team on a team worked the solution a worked solution team,1,1,2,30,2.9,0,resume-gap
system project a a on on project worked project worked worked project system on the team system team the build build team on system project on the system system on a solution solution system system team the solution on on,0,0,0,40,3.5,0,no-structure
project the build a project a sort of worked on situation the a on the probably system on project solution solution worked build build maybe project team system i guess project solution maybe solution system worked solution on a team,1,4,1,40,2.9,1,underselling
worked on project solution team team build a a team team build system system the system a system project system on project the solution solution system a project solution on build a project on a the project the on a,0,1,0,40,3.8,0,no-structure
project system worked system worked project team a a system worked kind of project project a on maybe the build solution i think team solution the a i think system the a a build system build project result solution maybe,1,4,2,40,3.4,1,underselling
build system project worked team team project build on worked worked on solution project solution solution worked system team project on team project solution a team on build a worked system team solution build the system team solution system project,0,0,0,40,3.4,0,no-structure
the solution worked system solution the the build worked project solution a on basically and system solution solution the solution i mean um a then the worked solution solution project the a so uh team we build worked build team a solution a the worked worked you know system system on and project system like a build build like on solution worked basically build system project we we solution the the a project a project on so the project the team well a worked team worked team on a team like worked a project basically on um worked on team project the build project worked on solution the on build on build and project team a project you know build solution system project project team team on you know system project solution worked a you know build solution build build the team the project team team then project build then solution a team team on team project system on system solution um the um system solution on solution worked the build a the project solution solution a so a on,0,0,6,180,6.2,0,rambling
system a project on build build the build project team team project the project project the a the a on system project a solution system system project team worked a on the the the project build a solution team the,0,0,1,40,2.8,0,no-structure
on basically project worked a system on worked system so team so and system system build build solution worked build solution on project project build solution team system then project a worked team on project team worked project on solution solution a team solution like build the you know um team system on build the project team like on team system solution basically team project system solution a and worked solution team build well the a a a solution uh system a on the and team system on project we team the on um project system build project the then system then project project the like we system system system on a build system um build team on the on project solution system worked system project the team project worked the project a team worked on project project so solution team solution project solution team well solution solution worked worked project on worked project system the the you know the a system project build worked team on we worked a project system project worked you know on solution system um,0,1,6,180,6.6,0,rambling
worked on on system solution solution on build build project the project system worked project team team system a build project team worked team on build team project a on system build project a solution the the on system solution the build project solution worked a the on project system on solution worked worked build team build system on system worked build the a project solution a result a worked worked team the build team the system worked on solution,1,1,1,80,3.2,1,good-answer
on team on project system on worked project system team the team team system system team task team team build build team the system worked a on on the the,1,1,1,30,1.7,0,resume-gap
the on system team you know worked and the solution project system on project on basically the a the team team system build solution build um team system a build worked the build on project basically project project the project team on system on a team uh team on project the the a project a on team um and the project team project so system system we on um worked a then the a build a build um solution worked you know system so like build team team system you know system worked build the um solution solution on the and on solution project system build project on like on we a on solution team well build build on worked worked a team a a team solution a on project worked build like a on on worked build so build the project build worked the system the on team build worked project worked a we a on on the on worked then a build you know build the team solution on then worked solution on build the project solution build,0,2,6,180,7.0,0,rambling
worked system a worked ok,0,1,1,5,12.5,0,silent-coding
the build team system team solution on kind of build team on build i think project worked system worked i think situation build team on project solution team on the team on on i think probably the project a team,1,4,0,40,3.1,1,underselling
the team result build on build build worked solution the on a project project team the system system on project worked the the solution solution on worked system on build,1,0,0,30,1.7,0,resume-gap
project worked system a ok,0,1,1,5,11.6,0,silent-coding
the system solution team ok,0,0,0,5,11.8,0,silent-coding
on sort of maybe kind of a maybe worked on team solution a project the system on build system the team worked worked system solution team solution i guess worked solution worked system on project system team action team team,1,4,2,40,3.9,1,underselling
a solution build solution build a on we the the we team team basically on um project system system so project team i mean on system solution team like on basically on build the build worked project solution project build you know a worked project like the the on build a project solution team solution you know solution project system worked and solution the on team a solution the system then project the build on you know a the on then team system so build um build uh like project the like build a system you know the solution solution on on system solution system so the build i mean team the then team on the a a build team team team on the system build project worked the solution solution we on team build build on team solution and and team team team system project you know system on project the system on worked worked team a solution system a worked team project a solution um system build a system a on team system build the on on solution,0,2,6,180,7.6,0,rambling
worked project result build build a team the a project on worked on solution solution team team a on a build on solution a a project solution a solution worked project on build build the solution system the team a build build the a team project team build the a build the project a solution build build solution on project on team project system build a worked a team system system project system project team solution team on system on,1,0,2,80,4.3,1,good-answer
build a team team system the the system system solution solution a worked system team on build a solution so like the solution worked project team worked then worked worked on build build solution solution a and solution worked a a um uh a we system build on a build the and the team system project so on worked worked the system the build like solution worked you know project build team then a um worked the like build system the a system project build worked solution a so a uh system worked on project on project build system a worked system worked build worked the project solution project team you know worked a we team a um on team solution solution worked team the solution system project on build solution team and worked build team build team a worked build on worked the system a um on on worked project build i mean team on worked a build project worked worked project a team the on we a you know worked you know on team then solution team worked,0,2,6,180,6.1,0,rambling
ok build the team a,0,1,2,5,11.8,0,silent-coding
the the project team solution worked build project on build the team project project system on solution project a the solution build worked solution team a worked solution team a system worked the on the on build solution a solution project on a team project build build solution team team a team solution project project team build team team a task team build a a a team solution project a worked the team project solution a worked the on system,1,1,1,80,3.2,1,good-answer
worked system system solution build the system system solution team build solution project team a worked system a build team solution project when i system solution system on system the,1,1,0,30,2.9,0,resume-gap
build project ok team worked,0,1,2,5,12.3,0,silent-coding
solution solution build solution a build on build system system build system a worked a team a worked on worked project system worked system on worked team solution on build solution system build on system worked on system the the system solution project system build the solution worked worked worked on solution project a project team solution a solution solution worked system team worked on worked system system solution team build the worked on the on a worked a the,1,0,2,80,3.3,1,good-answer
worked system worked a solution solution a project a team build on the team the system a on system team system on a team project on project the worked team a build the on team build a on project team,0,0,2,40,2.0,0,no-structure
a a ok worked the,0,0,1,5,13.0,0,silent-coding
a a a the system team solution system worked the the a a i think probably worked team worked maybe team the on worked worked a action i think team system the a project on project worked worked team worked,1,4,0,40,2.5,1,underselling
system the a the build worked worked worked project system so then the on um the basically and a system project project build a project solution solution project the on team system team build project basically we solution build system worked system solution you know team system solution solution on so uh worked system a um system on a the a the a solution like on on on solution so a system worked a system worked team build a worked build the we on a project system a team a like and system system a build build team a solution team worked basically on system solution team uh team on a solution you know build worked well build solution system system we on you know project team project team solution the team worked like solution on system build the team project a then a on worked project the system build project system project system project team system on build project project the worked on a the project a the team um solution solution solution system solution then and you know,0,1,6,180,6.8,0,rambling
build on team team system project a solution worked a team so uh a worked solution build solution team we build a um a project system team worked worked project build worked system on team the team project build solution a system solution worked project the project then a the a a worked team a a project solution a team solution project solution team worked and you know project build a on project system build the the project then build solution system system solution and team project so solution project then system project on team worked well the a system team a team build team the system team the project you know team like on the solution solution system project like we on team solution a team the on a team system solution worked we build worked build team project you know project system the solution team on team worked solution project build basically on build the team um um the project a the a on solution the project system a team project worked on build so and worked like,0,0,6,180,6.6,0,rambling
build a the a solution system worked system on team solution project worked team solution on a we project project the the build project on a team a solution a,1,0,1,30,1.3,0,resume-gap
ok on build project project,0,0,1,5,11.6,0,silent-coding
project build project on team project build worked team worked project solution team team project solution build build build the solution system worked team the build project solution worked system,1,0,0,30,2.9,0,resume-gap
the worked on system build solution team team a system the worked system on a build the team on project on build worked on a team solution team team system system a build on solution a build project worked worked worked worked on system worked the on on system a system on system build build team solution project worked worked on worked solution build worked system when i solution system a on a the project system build build solution a,1,0,0,80,5.0,1,good-answer
team team solution a worked system worked worked build build system build on project a on on the worked solution build solution on on build system on the the team system a worked project build system the on on project project system worked a worked build build build worked when i build system build system system on team solution project build worked build on team worked a solution solution team build solution the worked worked worked system project build build,1,1,0,80,4.5,1,good-answer
build system project solution project the solution build team on worked worked worked a on system a project on worked on system system a a project team build a on on solution on the build on on worked a team team worked system system on the worked the system build the on team solution on team system on project solution build build solution project on system on a worked a on project project on build system a a solution build,1,0,0,80,4.9,1,good-answer
a team project build solution build on team on a build build on on build on project on team team system worked project team system on on project the team worked system a system worked system the a a a,0,1,0,40,3.8,0,no-structure
solution the solution build on solution solution project project on build system a worked team team solution a solution worked project the the team project on team project system worked the worked system the a the solution system team a,0,1,2,40,3.9,0,no-structure
a the the build ok,0,1,2,5,11.8,0,silent-coding
build the a team a a team the a team solution team build the the worked build project team system on the the action system worked project on the project,1,0,2,30,2.5,0,resume-gap
we on like solution project project build a worked on the team team and solution well worked build project the project basically the team build solution on project project system worked worked the worked the project the you know a solution solution project worked system worked system like team project project a on like um the system build the solution a worked so team team team the a so worked project and worked a on you know then on the team the on system on we the team worked team build project build then project you know a on so worked on on um worked the a solution solution a project then on team worked on team a system solution system a worked system worked project worked project solution on uh solution a well solution a the solution on the team worked a you know the on solution team build and a system build project solution team you know a a build a we worked the project solution team build build the solution solution system worked um solution on team,0,0,6,180,6.5,0,rambling
system project a team project team build build build the system a team solution on project solution on solution build worked action system solution project team team team the team system system team project the a system build solution on worked build on build solution build system build system solution project on project on worked system a build the project solution a a system worked build team worked the build worked worked on team build the team on system worked,1,0,0,80,4.3,1,good-answer
solution then solution system a um a team team team a you know system team system project worked the um on on the system build um solution project worked build project solution system build team a build team team worked build team team like the the the worked on a we project worked team on worked you know project solution and team solution system solution the worked worked system a a system a on on the build the worked we solution system team a build team like team then team the i mean the a the worked project project build the like on project system you know like build a build basically on project on a system project and worked build solution on on build system worked build on on on build team worked a well solution project a team project we the system team project build solution on and the system system you know a a a project build worked uh the build worked solution like on then on system so system solution so a build the on so,0,2,6,180,6.9,0,rambling
worked worked on build project a the a the team system solution system system on on a team build the team the project solution system solution worked the worked build project build a on solution the system project on worked,0,1,0,40,2.8,0,no-structure
a so solution build a solution you know on solution project build team build on project worked a on a system worked on team the a system a on basically so worked team build team on project system on build then worked we solution team worked solution build on uh project project solution a solution team solution solution worked the the solution worked basically and solution on on solution the on like on on like on system a system solution team on worked build um we worked and solution team team project you know worked worked solution and on project on a project a like um the project system the project build worked worked project on system i mean then the build system we um a the worked the project um solution worked solution project then the system well worked build a worked system team build team on project a the system build build a worked team the the system team worked so on project the build on solution you know system a on solution solution build project you know,0,0,6,180,6.4,0,rambling
on team the project system system the the system worked solution solution system on on a solution a system on project build system on system a team on solution a worked build solution the system build project worked worked team system build the the a system worked on project team project team project project team the worked project the project solution the solution worked system worked worked team build solution a solution on build solution worked team a result a,1,0,0,80,4.4,1,good-answer
worked solution a build worked you know and team a a team team a worked system build team on worked worked on the team build so team we project like a on a worked project a system a you know the solution worked the solution project the system um a project system on you know the project solution you know on build we the solution build worked a build solution worked a solution a system system system system so a we solution on worked a worked uh solution team build team the system the build build team solution on a a a team system on a on a team a team so team build and on system a worked team a build solution um build worked the on project project you know a team project the system on build you know build project the a project a team worked team team um build a then then system and build worked project on project on a like the build the worked on like project worked build um a on then the,0,0,6,180,7.8,0,rambling
on team on team team team system team a solution solution build on system worked system the team a a solution on team worked team project team build worked on,1,0,2,30,2.9,0,resume-gap
worked worked system solution the project system solution a on solution on on team project the project build worked on a solution build on project system solution system the worked a the a team solution on on system on team,0,0,2,40,3.2,0,no-structure
a project solution worked solution you know a worked worked system i mean we build so project build project worked the like system solution solution project project the system system a system solution project on the a the worked build team build project the system worked the solution um worked project build you know solution a then we solution on so and team like team a project team system team the system on build the on build system solution uh the project the solution a you know team on then the solution we project the team worked um worked the system on solution the the solution solution solution build team project on on solution project project solution solution the you know worked system project solution build on worked solution then worked team worked team you know worked basically on um build and a the on basically on on on team worked a worked worked the build system project on a like project um build worked worked system the and team build a team on so the on team worked build,0,2,6,180,7.6,0,rambling
a worked build system project project a worked the team the worked system solution project build the project team solution worked solution project a system system project system build solution solution the the build project the system worked worked the,0,1,0,40,3.2,0,no-structure
the worked team kind of on project on on team on system team sort of the solution team system build the i think a team a solution sort of solution worked the action solution team project i guess project team,1,4,1,40,3.7,1,underselling
the on on on worked worked system project solution on worked the worked worked project the system project build a project build on the build a the project solution team project system project a system build a solution a worked,0,0,1,40,2.1,0,no-structure
a team ok build solution,0,0,0,5,12.2,0,silent-coding
worked the system system team build build team worked the probably system build system probably worked on team team system solution build project solution project on perhaps the project team situation on solution project a worked i guess worked worked,1,4,1,40,2.9,1,underselling
so like you know worked solution system a build system solution on like build build build project you know worked team project the solution project project a system a on build project build the a worked system um on um build you know on the a we the system on um team worked build team on system a worked you know and team project like and build basically system team build project system solution build worked a the the project project build a a a then build on team a worked um system build a the a on build the build on team build the team and we like team solution a project solution team on worked team system um we system system on team then project on on project system on a team a a the the system a a team a the team team system worked worked basically system build build team on on a so worked on on solution team project team system then team build so i mean build team project a team project system build,0,0,6,180,6.2,0,rambling
worked project project on a build system project build result on on a build team project system system a the project the system project solution team worked the worked build,1,1,0,30,2.2,0,resume-gap
the worked team worked the solution build system team system team build project worked team solution a system the build worked worked build solution system solution solution project the solution build build build the system system solution project a a,0,0,0,40,3.8,0,no-structure
system solution build project ok,0,0,2,5,12.4,0,silent-coding
build team on the worked a on the system task on system build system the solution the solution a system solution the build team build project worked project a worked,1,0,1,30,2.8,0,resume-gap
project team project build build project because on team a the on team system solution build build a a on system a team solution build team worked system solution system,1,1,2,30,1.1,0,resume-gap
worked build build build project team solution on worked worked system on project the system build the project the the solution project project solution worked project on on project the team system the on build on worked team team solution project a the system worked the team a a on on the build project team project worked build system system project project on on the system build worked project solution project the team solution system the project worked solution worked,1,1,1,80,4.7,1,good-answer
worked a kind of worked a the system i guess the on the maybe a team system the build system system project a on i guess team project project kind of build a project build solution project because team system,1,4,0,40,2.1,1,underselling
team solution project build system project solution a on worked system the solution build a on team system system project project a on system system the on the worked build build on system the project worked a on build project,0,0,2,40,2.9,0,no-structure
worked system build ok system,0,1,0,5,11.0,0,silent-coding
build team the project solution system solution the build worked worked on solution on system on build the a build worked the the result the build system solution worked on,1,0,2,30,2.9,0,resume-gap
on a the a worked build project project a solution team solution solution worked worked project worked system on worked worked on system a project a team the the worked on build solution on build team solution team situation a system system worked worked on team team the a project worked the the the project solution worked project project worked project a system a on project build project worked solution system a worked on the system system on solution project,1,0,2,80,4.9,1,good-answer
on ok solution build the,0,0,2,5,11.9,0,silent-coding
build solution project team a worked we build solution a worked solution system build so worked system solution worked worked on build build solution you know i mean a a worked project worked the on team solution system you know solution on system project a project build a system a the project on project on like system so solution worked team project the worked a a project and a the the worked build on solution worked i mean then system build a solution team a you know on solution a build project we a the build worked um the project solution worked build a a a and worked a worked like build we a system on system solution on system system on system you know um worked and project the build project well a the a team a solution system um team team so basically team system the team build a worked build team team team a system on worked team a then on a team project system solution build worked on then worked build system on basically on like,0,2,6,180,7.3,0,rambling
team build worked system system project the on team worked on team a build project the project system solution solution worked team solution a the the solution worked build build worked build project the solution team project project project team,0,0,1,40,2.2,0,no-structure
project the team worked ok,0,0,0,5,12.9,0,silent-coding
solution on a team the solution the on on build project team a on a solution solution system when i project solution system a worked a project system team team,1,0,0,30,2.6,0,resume-gap
solution the team system build on the solution team build system the team worked worked system team a worked solution worked build because the project on system worked solution build project worked a on system team the the project on worked solution on build project project team solution solution on system team project solution worked the the worked solution project on solution solution a the the team project a team project build a build team build worked project the the,1,1,2,80,3.2,1,good-answer
worked solution project the system build worked on system worked on system team build the on worked a worked the worked system a project build project build project worked project solution solution on team the build build team solution build worked system team system a project solution the solution system team worked system system system the worked system a project build build build solution project the project project result worked the team solution worked project worked a worked project worked,1,0,1,80,4.2,1,good-answer
team system a a project worked the the a project worked worked on build system a a on worked build worked project a the a solution the project build the worked worked on solution the build a team build team system project team worked build system on team build on team on team the on system solution solution project the system team worked system on system system a build team build team a build when i the build a project,1,1,0,80,3.4,1,good-answer
system team a solution the worked build on on solution a a build project worked team on a solution build worked build build the team solution a build the team,1,1,1,30,2.5,0,resume-gap
the team team solution system project a on build project the project on worked project solution the project the project solution solution on the a the build team a team solution team build team on project team system system system,0,1,2,40,2.1,0,no-structure
team on solution build on solution solution team build a team system system worked the solution project team the worked the the a worked team worked on build the a a on team the solution project system project build solution,0,1,0,40,2.3,0,no-structure
ok on a on system,0,1,0,5,11.2,0,silent-coding
system worked project solution the team the project solution team a the on team on project system build build worked system solution solution system worked a project a system project a a solution worked solution on system when i project the project project project team a system team a project solution on on project project build system worked solution a solution a solution the on solution a project solution worked a solution a team on the build team project system,1,1,0,80,3.8,1,good-answer
team system the worked project solution solution solution the worked system system on solution a the worked team a the worked project team worked solution the the because system system,1,1,0,30,2.7,0,resume-gap
build solution worked worked team sort of project project build solution a team worked team on sort of team the solution build team project team solution a project project system build a task project on solution solution kind of on,1,4,1,40,2.5,1,underselling
team system system the ok,0,0,1,5,12.2,0,silent-coding
